{"cameraMode":{"drawMode":0,"name":"Shaded","section":"Shading Mode"},"sceneLighting":true,"audioPlay":false,"sceneViewState":{"showFog":true,"showMaterialUpdate":false,"showSkybox":true,"showFlares":true,"showImageEffects":true,"showParticleSystems":true},"in2DMode":false,"pivot":{"x":0.305083692073822,"y":0.9378561973571777,"z":10.3671875},"rotation":{"x":-0.13467922806739808,"y":-0.3416718542575836,"z":0.04954366758465767,"w":-0.9287988543510437},"size":10.478229522705079,"orthographic":true}